ID,Nom,Email,CreatedAt,UpdatedAt
5,coumba,kanoute00@gmail.com,2025-03-15T12:31:52,2025-03-15T12:32:34
6,coumba,kanoute00@gmail.com,2025-03-15T12:31:52,2025-03-15T12:32:34
7,coumba,kanoute00@gmail.com,2025-03-15T12:31:52,2025-03-15T12:32:34
8,coumba,kanoute00@gmail.com,2025-03-15T12:31:52,2025-03-15T12:32:34
9,assy,assy@gmail.com,2025-03-15T12:31:52,2025-03-15T12:32:34
13,,,2025-03-15T12:31:52,2025-03-15T12:32:34
14,,,2025-03-15T12:31:52,2025-03-15T12:32:34
15,,,2025-03-15T12:31:52,2025-03-15T12:32:34
16,hgÃ¨f,jhÃ¨t,2025-03-15T12:31:52,2025-03-15T12:32:34
17,coumba,gfudhgk,2025-03-16T06:10:16,2025-03-16T06:10:16
19,vasyy,jmimi,2025-03-17T01:35:38,2025-03-17T01:35:38
20,vasyy,jmimi,2025-03-17T01:36:01,2025-03-17T01:36:01
21,vasyy,jmimi,2025-03-17T01:36:09,2025-03-17T01:36:09
22,asyy,kanoue@gmail.com,2025-03-17T01:48:40,2025-03-17T01:48:40
